--------------------------------------------------------
--  File created - Thursday-July-15-2021   
--------------------------------------------------------
--------------------------------------------------------
--  DDL for Sequence COMPANY_SEQ
--------------------------------------------------------

   CREATE SEQUENCE  "DK_ANNANUNIV"."COMPANY_SEQ"  MINVALUE 1 MAXVALUE 9999999999999999999999999999 INCREMENT BY 1 START WITH 61 CACHE 10 NOORDER  NOCYCLE   ;
--------------------------------------------------------
--  DDL for Sequence JOBAPPLY_SEQ
--------------------------------------------------------

   CREATE SEQUENCE  "DK_ANNANUNIV"."JOBAPPLY_SEQ"  MINVALUE 1 MAXVALUE 9999999999999999999999999999 INCREMENT BY 1 START WITH 41 CACHE 10 NOORDER  NOCYCLE   ;
--------------------------------------------------------
--  DDL for Sequence JOB_SEQ
--------------------------------------------------------

   CREATE SEQUENCE  "DK_ANNANUNIV"."JOB_SEQ"  MINVALUE 1 MAXVALUE 9999999999999999999999999999 INCREMENT BY 1 START WITH 32 CACHE 10 NOORDER  NOCYCLE   ;
--------------------------------------------------------
--  DDL for Sequence USER_SEQ
--------------------------------------------------------

   CREATE SEQUENCE  "DK_ANNANUNIV"."USER_SEQ"  MINVALUE 1 MAXVALUE 9999999999999999999999999999 INCREMENT BY 1 START WITH 42 CACHE 10 NOORDER  NOCYCLE   ;
--------------------------------------------------------
--  DDL for Table COMPANY
--------------------------------------------------------

  CREATE TABLE "DK_ANNANUNIV"."COMPANY" 
   (	"CID" NUMBER, 
	"CMPNAME" VARCHAR2(100 BYTE), 
	"PHONE" NUMBER, 
	"COUNTRY" VARCHAR2(30 BYTE), 
	"STATE" VARCHAR2(30 BYTE), 
	"CITY" VARCHAR2(30 BYTE), 
	"PINCODE" NUMBER(6,0), 
	"UNAME" VARCHAR2(255 BYTE), 
	"PASS" VARCHAR2(100 BYTE)
   ) SEGMENT CREATION IMMEDIATE 
  PCTFREE 10 PCTUSED 40 INITRANS 1 MAXTRANS 255 
 NOCOMPRESS LOGGING
  STORAGE(INITIAL 65536 NEXT 1048576 MINEXTENTS 1 MAXEXTENTS 2147483645
  PCTINCREASE 0 FREELISTS 1 FREELIST GROUPS 1
  BUFFER_POOL DEFAULT FLASH_CACHE DEFAULT CELL_FLASH_CACHE DEFAULT)
  TABLESPACE "USERS" ;
--------------------------------------------------------
--  DDL for Table JOBAPPLY
--------------------------------------------------------

  CREATE TABLE "DK_ANNANUNIV"."JOBAPPLY" 
   (	"AID" NUMBER, 
	"ID" NUMBER, 
	"JID" NUMBER, 
	"APPLIEDON" DATE, 
	"MODIFIEDON" DATE, 
	"USERSTATUS" NUMBER DEFAULT 1, 
	"SELECTION_STATUS" NUMBER DEFAULT 0, 
	"VIEWED" NUMBER DEFAULT 0
   ) SEGMENT CREATION IMMEDIATE 
  PCTFREE 10 PCTUSED 40 INITRANS 1 MAXTRANS 255 
 NOCOMPRESS LOGGING
  STORAGE(INITIAL 65536 NEXT 1048576 MINEXTENTS 1 MAXEXTENTS 2147483645
  PCTINCREASE 0 FREELISTS 1 FREELIST GROUPS 1
  BUFFER_POOL DEFAULT FLASH_CACHE DEFAULT CELL_FLASH_CACHE DEFAULT)
  TABLESPACE "USERS" ;
--------------------------------------------------------
--  DDL for Table JOBS
--------------------------------------------------------

  CREATE TABLE "DK_ANNANUNIV"."JOBS" 
   (	"JID" NUMBER, 
	"CID" NUMBER, 
	"JOBNAME" VARCHAR2(100 BYTE), 
	"JOBDESC" VARCHAR2(500 BYTE), 
	"EDUCATION" VARCHAR2(255 BYTE), 
	"SKILLS" VARCHAR2(500 BYTE), 
	"VACANCY" NUMBER, 
	"DATEOFOPEN" DATE, 
	"DATEOFCLOSE" DATE, 
	"STATUS" VARCHAR2(10 BYTE), 
	"EXPERIENCE" NUMBER
   ) SEGMENT CREATION IMMEDIATE 
  PCTFREE 10 PCTUSED 40 INITRANS 1 MAXTRANS 255 
 NOCOMPRESS LOGGING
  STORAGE(INITIAL 65536 NEXT 1048576 MINEXTENTS 1 MAXEXTENTS 2147483645
  PCTINCREASE 0 FREELISTS 1 FREELIST GROUPS 1
  BUFFER_POOL DEFAULT FLASH_CACHE DEFAULT CELL_FLASH_CACHE DEFAULT)
  TABLESPACE "USERS" ;
--------------------------------------------------------
--  DDL for Table USERS
--------------------------------------------------------

  CREATE TABLE "DK_ANNANUNIV"."USERS" 
   (	"ID" NUMBER, 
	"FNAME" VARCHAR2(50 BYTE), 
	"LNAME" VARCHAR2(50 BYTE), 
	"GENDER" VARCHAR2(1 BYTE), 
	"AGE" NUMBER(3,0), 
	"COUNTRY" VARCHAR2(30 BYTE), 
	"STATE" VARCHAR2(30 BYTE), 
	"CITY" VARCHAR2(30 BYTE), 
	"PINCODE" NUMBER(6,0), 
	"PHONE" NUMBER(10,0), 
	"UNAME" VARCHAR2(255 BYTE), 
	"PASS" VARCHAR2(100 BYTE), 
	"EMAILID" VARCHAR2(255 BYTE), 
	"EDUCATION" VARCHAR2(255 BYTE), 
	"EXPERIENCE" NUMBER, 
	"SKILLS" VARCHAR2(500 BYTE), 
	"CV_NAME" VARCHAR2(128 BYTE), 
	"CV_PATHNAME" VARCHAR2(128 BYTE)
   ) SEGMENT CREATION IMMEDIATE 
  PCTFREE 10 PCTUSED 40 INITRANS 1 MAXTRANS 255 
 NOCOMPRESS LOGGING
  STORAGE(INITIAL 65536 NEXT 1048576 MINEXTENTS 1 MAXEXTENTS 2147483645
  PCTINCREASE 0 FREELISTS 1 FREELIST GROUPS 1
  BUFFER_POOL DEFAULT FLASH_CACHE DEFAULT CELL_FLASH_CACHE DEFAULT)
  TABLESPACE "USERS" ;
--------------------------------------------------------
--  DDL for View APPLIEDJOBS
--------------------------------------------------------

  CREATE OR REPLACE FORCE EDITIONABLE VIEW "DK_ANNANUNIV"."APPLIEDJOBS" ("AID", "JID", "JOBNAME", "CMPNAME", "PHONE", "APPLIEDON", "USERSTATUS", "SELECTION_STATUS", "VIEWED") AS 
  SELECT a.aid,a.jid,j.jobname,(SELECT c.cmpname FROM company c WHERE j.cid = c.cid) AS cmpname,
  (SELECT c.phone FROM company c WHERE j.cid = c.cid) AS phone,
  a.appliedon,a.userstatus,a.selection_status,a.viewed
  FROM jobApply a INNER JOIN jobs j ON a.jid = j.jid WHERE a.id = '1' ORDER BY a.appliedon DESC
;
--------------------------------------------------------
--  DDL for View CMPAPPLIEDJOBS
--------------------------------------------------------

  CREATE OR REPLACE FORCE EDITIONABLE VIEW "DK_ANNANUNIV"."CMPAPPLIEDJOBS" ("AID", "JID", "ID", "JOBNAME", "FNAME", "EMAILID", "EDUCATION", "SELECTION_STATUS") AS 
  SELECT a.aid,a.jid,u.id,(SELECT j.jobname FROM jobs j WHERE j.jid = a.jid) AS jobname,u.fname,u.emailid,u.education,a.selection_status
  FROM jobApply a INNER JOIN users u ON a.id = u.id WHERE (SELECT j.cid FROM jobs j WHERE j.jid = a.jid) = '11'
  AND a.userstatus = 1
;
--------------------------------------------------------
--  DDL for View CMP_JOB_VIEW
--------------------------------------------------------

  CREATE OR REPLACE FORCE EDITIONABLE VIEW "DK_ANNANUNIV"."CMP_JOB_VIEW" ("JID", "CID", "JOBNAME", "JOBDESC", "EDUCATION", "SKILLS", "VACANCY", "DATEOFOPEN", "DATEOFCLOSE", "STATUS", "EXPERIENCE") AS 
  SELECT "JID","CID","JOBNAME","JOBDESC","EDUCATION","SKILLS","VACANCY","DATEOFOPEN","DATEOFCLOSE","STATUS","EXPERIENCE" FROM jobs WHERE cid = '11'
;
--------------------------------------------------------
--  DDL for View USERS_JOB_VIEW
--------------------------------------------------------

  CREATE OR REPLACE FORCE EDITIONABLE VIEW "DK_ANNANUNIV"."USERS_JOB_VIEW" ("JID", "CID", "CMPNAME", "JOBNAME", "JOBDESC", "EDUCATION", "SKILLS", "VACANCY", "DATEOFCLOSE", "EXPERIENCE") AS 
  SELECT j.jid,j.cid,c.cmpname,j.jobname,j.jobdesc,j.education,j.skills,j.vacancy,j.dateofclose,j.experience
    FROM jobs j INNER JOIN company c ON j.cid = c.cid WHERE j.status = 'active' AND
    j.jid NOT IN (SELECT jid FROM jobApply WHERE id = '1' AND userstatus = 1)
;
REM INSERTING into DK_ANNANUNIV.COMPANY
SET DEFINE OFF;
Insert into DK_ANNANUNIV.COMPANY (CID,CMPNAME,PHONE,COUNTRY,STATE,CITY,PINCODE,UNAME,PASS) values (1,'Google',9374662211,'INDIA','DELHI','GURUGRAM',600123,'google@cmp','97bea26239fe25430490e6c3faa6d7b5');
Insert into DK_ANNANUNIV.COMPANY (CID,CMPNAME,PHONE,COUNTRY,STATE,CITY,PINCODE,UNAME,PASS) values (11,'WEBCLUES INFOTECH',9150303501,'INDIA','UTTARPRADESH','AHMEDABAD',635001,'WEBCLUESINFOTECH@gmail.com','bd357657686b969b955587330f80607d');
Insert into DK_ANNANUNIV.COMPANY (CID,CMPNAME,PHONE,COUNTRY,STATE,CITY,PINCODE,UNAME,PASS) values (21,'MAGNETO IT SOLUTIONS',9150303502,'INDIA','KARNATAKA','BANGALORE',635002,'MAGNETOITSOLUTIONS@gmail.com','0f46bd542795a78940bc878d7200e010');
Insert into DK_ANNANUNIV.COMPANY (CID,CMPNAME,PHONE,COUNTRY,STATE,CITY,PINCODE,UNAME,PASS) values (22,'MPHASIS',9150303503,'INDIA','ANDHRAPRADESH','HYDERABAD',635103,'MPHASIS@gmail.com','679a905d3de69294504b6a0d137b3aba');
Insert into DK_ANNANUNIV.COMPANY (CID,CMPNAME,PHONE,COUNTRY,STATE,CITY,PINCODE,UNAME,PASS) values (23,'APPENTUS',9150303504,'INDIA ','TAMILNADU','CHENNAI',635234,'APPENTUS@gmail.com','48fd9c17a2d0f29859d5b30f0c300336');
Insert into DK_ANNANUNIV.COMPANY (CID,CMPNAME,PHONE,COUNTRY,STATE,CITY,PINCODE,UNAME,PASS) values (24,'TRIGENT',9150303505,'INDIA','TAMILNADU','COIMBATORE',635765,'TRIGENT@gmail.com','e26c31364725fce8d32b86700311f1e5');
Insert into DK_ANNANUNIV.COMPANY (CID,CMPNAME,PHONE,COUNTRY,STATE,CITY,PINCODE,UNAME,PASS) values (25,'CONFIANZ GLOBAL',9150303506,'INDIA','KERALA','COCHIN',634213,'CONFIANZGLOBAL@gmail.com','40dfb7fc4358bd957bd705b74fdc8214');
Insert into DK_ANNANUNIV.COMPANY (CID,CMPNAME,PHONE,COUNTRY,STATE,CITY,PINCODE,UNAME,PASS) values (26,'ENDIVE SOFTWARE',9150303507,'INDIA','MAHARASHTRA','MUMBAI',665432,'ENDIVESOFTWARE@gmail.com','01eff1974095c6640c6ba70ab89575dc');
Insert into DK_ANNANUNIV.COMPANY (CID,CMPNAME,PHONE,COUNTRY,STATE,CITY,PINCODE,UNAME,PASS) values (27,'WILDNET TECHNOLOGIES',9150303508,'INDIA','MAHARASHTRA','PUNE',635401,'WILDNETTECHNOLOGIES@gmail.com','563083b3ec4070e6b16ad9b43914a143');
Insert into DK_ANNANUNIV.COMPANY (CID,CMPNAME,PHONE,COUNTRY,STATE,CITY,PINCODE,UNAME,PASS) values (28,'TATA SERVICES LTD',9150303509,'INDIA','UTTARPRADESH','AHMEDABAD',635001,'TATASERVICESLTD@gmail.com','9481ce70eb87482128da5f6c0fc1092b');
Insert into DK_ANNANUNIV.COMPANY (CID,CMPNAME,PHONE,COUNTRY,STATE,CITY,PINCODE,UNAME,PASS) values (44,'IDEAS2IT TECHNOLOGIES',9150303513,'INDIA','TAMILNADU','COIMBATORE',635765,'IDEAS2IT TECHNOLOGIES@gmail.com','e4362e7762cd254f095686d91cc9f9f5');
Insert into DK_ANNANUNIV.COMPANY (CID,CMPNAME,PHONE,COUNTRY,STATE,CITY,PINCODE,UNAME,PASS) values (45,'HCL TECHNOLOGIES',9150303514,'INDIA','KERALA','KOCHIN',634213,'HCL TECHNOLOGIES@gmail.com','416af564ede3d6cf608fa6f9dc438836');
Insert into DK_ANNANUNIV.COMPANY (CID,CMPNAME,PHONE,COUNTRY,STATE,CITY,PINCODE,UNAME,PASS) values (42,'CLARION TECHNOLOGIES',9150303511,'INDIA','ANDHRA PRADESH','HYDERABAD',635103,'CLARION TECHNOLOGIES@gmail.com','cc816151ff8feb2f3713b8ffe74e75b9');
Insert into DK_ANNANUNIV.COMPANY (CID,CMPNAME,PHONE,COUNTRY,STATE,CITY,PINCODE,UNAME,PASS) values (43,'WIPRO',9150303512,'INDIA','TAMILNADU','CHENNAI',635234,'WIPRO@gmail.com','40cb3f8aaa294600b7af4ba205da6e9c');
Insert into DK_ANNANUNIV.COMPANY (CID,CMPNAME,PHONE,COUNTRY,STATE,CITY,PINCODE,UNAME,PASS) values (51,'TECH MAHINDRA',9150303516,'INDIA','MAHARASHTRA','PUNE',635234,'TECH MAHINDRA@gmail.com','898bbdd3d187e70750f7ef18a0840898');
Insert into DK_ANNANUNIV.COMPANY (CID,CMPNAME,PHONE,COUNTRY,STATE,CITY,PINCODE,UNAME,PASS) values (52,'TECH MAHINDRA',9150303512,'INDIA','MAHARASHTRA','PUNE',635234,'TECH MAHINDRA@gmail.com','898bbdd3d187e70750f7ef18a0840898');
Insert into DK_ANNANUNIV.COMPANY (CID,CMPNAME,PHONE,COUNTRY,STATE,CITY,PINCODE,UNAME,PASS) values (41,'INFOSYS',9150303510,'INDIA','KARNATAKA','BANGALORE',635002,'INFOSYS@gmail.com','b9a487871e9d3bc99fb89601c6f8be80');
Insert into DK_ANNANUNIV.COMPANY (CID,CMPNAME,PHONE,COUNTRY,STATE,CITY,PINCODE,UNAME,PASS) values (46,'TECHJINI',9150303515,'INDIA','MAHARASHTRA','MUMBAI',665432,'TECHJINI@gmail.com','1d78a4ab5ed7a5e3167bdcc00728a004');
REM INSERTING into DK_ANNANUNIV.JOBAPPLY
SET DEFINE OFF;
Insert into DK_ANNANUNIV.JOBAPPLY (AID,ID,JID,APPLIEDON,MODIFIEDON,USERSTATUS,SELECTION_STATUS,VIEWED) values (13,27,3,to_date('30-05-21','DD-MM-RR'),null,1,0,0);
Insert into DK_ANNANUNIV.JOBAPPLY (AID,ID,JID,APPLIEDON,MODIFIEDON,USERSTATUS,SELECTION_STATUS,VIEWED) values (14,27,5,to_date('30-05-21','DD-MM-RR'),null,1,0,0);
Insert into DK_ANNANUNIV.JOBAPPLY (AID,ID,JID,APPLIEDON,MODIFIEDON,USERSTATUS,SELECTION_STATUS,VIEWED) values (15,27,4,to_date('30-05-21','DD-MM-RR'),null,1,0,0);
Insert into DK_ANNANUNIV.JOBAPPLY (AID,ID,JID,APPLIEDON,MODIFIEDON,USERSTATUS,SELECTION_STATUS,VIEWED) values (17,29,3,to_date('30-05-21','DD-MM-RR'),null,1,0,0);
Insert into DK_ANNANUNIV.JOBAPPLY (AID,ID,JID,APPLIEDON,MODIFIEDON,USERSTATUS,SELECTION_STATUS,VIEWED) values (31,1,2,to_date('31-05-21','DD-MM-RR'),to_date('31-05-21','DD-MM-RR'),1,-1,1);
Insert into DK_ANNANUNIV.JOBAPPLY (AID,ID,JID,APPLIEDON,MODIFIEDON,USERSTATUS,SELECTION_STATUS,VIEWED) values (1,1,1,to_date('14-05-21','DD-MM-RR'),to_date('31-05-21','DD-MM-RR'),1,-1,1);
Insert into DK_ANNANUNIV.JOBAPPLY (AID,ID,JID,APPLIEDON,MODIFIEDON,USERSTATUS,SELECTION_STATUS,VIEWED) values (11,1,2,to_date('30-05-21','DD-MM-RR'),null,-1,0,0);
Insert into DK_ANNANUNIV.JOBAPPLY (AID,ID,JID,APPLIEDON,MODIFIEDON,USERSTATUS,SELECTION_STATUS,VIEWED) values (12,2,5,to_date('30-05-21','DD-MM-RR'),to_date('30-05-21','DD-MM-RR'),1,1,1);
Insert into DK_ANNANUNIV.JOBAPPLY (AID,ID,JID,APPLIEDON,MODIFIEDON,USERSTATUS,SELECTION_STATUS,VIEWED) values (16,28,3,to_date('30-05-21','DD-MM-RR'),null,1,0,0);
Insert into DK_ANNANUNIV.JOBAPPLY (AID,ID,JID,APPLIEDON,MODIFIEDON,USERSTATUS,SELECTION_STATUS,VIEWED) values (18,30,2,to_date('30-05-21','DD-MM-RR'),null,1,0,0);
Insert into DK_ANNANUNIV.JOBAPPLY (AID,ID,JID,APPLIEDON,MODIFIEDON,USERSTATUS,SELECTION_STATUS,VIEWED) values (19,31,5,to_date('30-05-21','DD-MM-RR'),null,1,0,0);
Insert into DK_ANNANUNIV.JOBAPPLY (AID,ID,JID,APPLIEDON,MODIFIEDON,USERSTATUS,SELECTION_STATUS,VIEWED) values (20,33,4,to_date('30-05-21','DD-MM-RR'),null,1,0,0);
Insert into DK_ANNANUNIV.JOBAPPLY (AID,ID,JID,APPLIEDON,MODIFIEDON,USERSTATUS,SELECTION_STATUS,VIEWED) values (21,35,3,to_date('30-05-21','DD-MM-RR'),null,1,0,0);
Insert into DK_ANNANUNIV.JOBAPPLY (AID,ID,JID,APPLIEDON,MODIFIEDON,USERSTATUS,SELECTION_STATUS,VIEWED) values (23,37,4,to_date('30-05-21','DD-MM-RR'),null,1,0,0);
Insert into DK_ANNANUNIV.JOBAPPLY (AID,ID,JID,APPLIEDON,MODIFIEDON,USERSTATUS,SELECTION_STATUS,VIEWED) values (22,36,5,to_date('30-05-21','DD-MM-RR'),null,1,0,0);
REM INSERTING into DK_ANNANUNIV.JOBS
SET DEFINE OFF;
Insert into DK_ANNANUNIV.JOBS (JID,CID,JOBNAME,JOBDESC,EDUCATION,SKILLS,VACANCY,DATEOFOPEN,DATEOFCLOSE,STATUS,EXPERIENCE) values (1,1,'Software developer','Create Software programs','B.E','C,C++,Machine Learning',5,to_date('06-05-21','DD-MM-RR'),to_date('14-05-21','DD-MM-RR'),'inactive',3);
Insert into DK_ANNANUNIV.JOBS (JID,CID,JOBNAME,JOBDESC,EDUCATION,SKILLS,VACANCY,DATEOFOPEN,DATEOFCLOSE,STATUS,EXPERIENCE) values (2,11,'Application developer','Create web application','B.E(CSE)','c,c++,python',10,to_date('03-05-21','DD-MM-RR'),to_date('01-06-21','DD-MM-RR'),'inactive',3);
Insert into DK_ANNANUNIV.JOBS (JID,CID,JOBNAME,JOBDESC,EDUCATION,SKILLS,VACANCY,DATEOFOPEN,DATEOFCLOSE,STATUS,EXPERIENCE) values (3,11,'Senior Applications Engineer','For supervising','B.E(ECE)','c,c++,python',5,to_date('03-05-21','DD-MM-RR'),to_date('10-06-21','DD-MM-RR'),'inactive',4);
Insert into DK_ANNANUNIV.JOBS (JID,CID,JOBNAME,JOBDESC,EDUCATION,SKILLS,VACANCY,DATEOFOPEN,DATEOFCLOSE,STATUS,EXPERIENCE) values (4,21,'Applications Engineer','Creating applications','B.E(CSE)','c,c++,python',7,to_date('04-05-21','DD-MM-RR'),to_date('02-06-21','DD-MM-RR'),'inactive',2);
Insert into DK_ANNANUNIV.JOBS (JID,CID,JOBNAME,JOBDESC,EDUCATION,SKILLS,VACANCY,DATEOFOPEN,DATEOFCLOSE,STATUS,EXPERIENCE) values (5,21,'Software Developer','Create and develop product software','B.E(IT)','java',5,to_date('04-05-21','DD-MM-RR'),to_date('07-07-21','DD-MM-RR'),'inactive',2);
Insert into DK_ANNANUNIV.JOBS (JID,CID,JOBNAME,JOBDESC,EDUCATION,SKILLS,VACANCY,DATEOFOPEN,DATEOFCLOSE,STATUS,EXPERIENCE) values (13,42,'HR','Human Resources','B.E','web development',8,to_date('31-05-21','DD-MM-RR'),to_date('30-06-21','DD-MM-RR'),'inactive',2);
Insert into DK_ANNANUNIV.JOBS (JID,CID,JOBNAME,JOBDESC,EDUCATION,SKILLS,VACANCY,DATEOFOPEN,DATEOFCLOSE,STATUS,EXPERIENCE) values (19,44,'programmer','PROGRAMMER','B.E','C++,ML,AI',10,to_date('24-05-21','DD-MM-RR'),to_date('24-06-21','DD-MM-RR'),'inactive',5);
Insert into DK_ANNANUNIV.JOBS (JID,CID,JOBNAME,JOBDESC,EDUCATION,SKILLS,VACANCY,DATEOFOPEN,DATEOFCLOSE,STATUS,EXPERIENCE) values (20,44,'HR','Human resources','B.E','APTITUDE,JAVA',3,to_date('24-05-21','DD-MM-RR'),to_date('18-06-21','DD-MM-RR'),'inactive',5);
Insert into DK_ANNANUNIV.JOBS (JID,CID,JOBNAME,JOBDESC,EDUCATION,SKILLS,VACANCY,DATEOFOPEN,DATEOFCLOSE,STATUS,EXPERIENCE) values (21,43,'WEB DEVELOPER','WEBSITE','B.E','WEB DEVELOPMENT',3,to_date('17-05-21','DD-MM-RR'),to_date('11-06-21','DD-MM-RR'),'inactive',5);
Insert into DK_ANNANUNIV.JOBS (JID,CID,JOBNAME,JOBDESC,EDUCATION,SKILLS,VACANCY,DATEOFOPEN,DATEOFCLOSE,STATUS,EXPERIENCE) values (22,43,'HR','HUMAN RESOURCES','B.E','JAVA,APTITUDE',2,to_date('31-05-21','DD-MM-RR'),to_date('18-06-21','DD-MM-RR'),'inactive',5);
Insert into DK_ANNANUNIV.JOBS (JID,CID,JOBNAME,JOBDESC,EDUCATION,SKILLS,VACANCY,DATEOFOPEN,DATEOFCLOSE,STATUS,EXPERIENCE) values (23,46,'programmer','PROGRAMMER','B.E','JAVA,C++,C,PYTHON',10,to_date('31-05-21','DD-MM-RR'),to_date('29-09-21','DD-MM-RR'),'active',2);
Insert into DK_ANNANUNIV.JOBS (JID,CID,JOBNAME,JOBDESC,EDUCATION,SKILLS,VACANCY,DATEOFOPEN,DATEOFCLOSE,STATUS,EXPERIENCE) values (24,46,'Project leader','PROJECT','B.E','JAVA',5,to_date('24-05-21','DD-MM-RR'),to_date('22-06-21','DD-MM-RR'),'inactive',1);
Insert into DK_ANNANUNIV.JOBS (JID,CID,JOBNAME,JOBDESC,EDUCATION,SKILLS,VACANCY,DATEOFOPEN,DATEOFCLOSE,STATUS,EXPERIENCE) values (25,41,'CEO','CEO','B.E','JAVA,C++,PYTHON,DSA,ML,AI',2,to_date('25-05-21','DD-MM-RR'),to_date('25-06-21','DD-MM-RR'),'inactive',10);
Insert into DK_ANNANUNIV.JOBS (JID,CID,JOBNAME,JOBDESC,EDUCATION,SKILLS,VACANCY,DATEOFOPEN,DATEOFCLOSE,STATUS,EXPERIENCE) values (26,41,'programmer','PROGRAMMMER','B.E','JAVA',6,to_date('25-05-21','DD-MM-RR'),to_date('24-06-21','DD-MM-RR'),'inactive',2);
Insert into DK_ANNANUNIV.JOBS (JID,CID,JOBNAME,JOBDESC,EDUCATION,SKILLS,VACANCY,DATEOFOPEN,DATEOFCLOSE,STATUS,EXPERIENCE) values (27,46,'CEO','CEO','B.E','JAVA,PYTHON,C++,ML,AI',2,to_date('26-05-21','DD-MM-RR'),to_date('26-06-21','DD-MM-RR'),'inactive',10);
Insert into DK_ANNANUNIV.JOBS (JID,CID,JOBNAME,JOBDESC,EDUCATION,SKILLS,VACANCY,DATEOFOPEN,DATEOFCLOSE,STATUS,EXPERIENCE) values (28,42,'CEO','CEO','B.E','JAVA,PYTHON,C++',1,to_date('30-05-21','DD-MM-RR'),to_date('30-06-21','DD-MM-RR'),'inactive',10);
Insert into DK_ANNANUNIV.JOBS (JID,CID,JOBNAME,JOBDESC,EDUCATION,SKILLS,VACANCY,DATEOFOPEN,DATEOFCLOSE,STATUS,EXPERIENCE) values (29,42,'WEB DEVELOPER','WEB DEVELOPMENT','B.E','HTML,CSS,JAVASCRIPT,PHP,SQL,JAVA',4,to_date('25-05-21','DD-MM-RR'),to_date('25-06-21','DD-MM-RR'),'inactive',2);
Insert into DK_ANNANUNIV.JOBS (JID,CID,JOBNAME,JOBDESC,EDUCATION,SKILLS,VACANCY,DATEOFOPEN,DATEOFCLOSE,STATUS,EXPERIENCE) values (14,42,'programmer','programmer','B.E','java,c,c++,python',15,to_date('31-05-21','DD-MM-RR'),to_date('16-06-21','DD-MM-RR'),'inactive',2);
Insert into DK_ANNANUNIV.JOBS (JID,CID,JOBNAME,JOBDESC,EDUCATION,SKILLS,VACANCY,DATEOFOPEN,DATEOFCLOSE,STATUS,EXPERIENCE) values (16,44,'CEO','CEO','B.E','JAVA,C++,C,DSA,OS,WEB DEVELOPMENT',1,to_date('31-05-21','DD-MM-RR'),to_date('20-06-21','DD-MM-RR'),'inactive',10);
Insert into DK_ANNANUNIV.JOBS (JID,CID,JOBNAME,JOBDESC,EDUCATION,SKILLS,VACANCY,DATEOFOPEN,DATEOFCLOSE,STATUS,EXPERIENCE) values (17,45,'programmer','PROGRAMMER','B.E','JAVA,C++',10,to_date('30-05-21','DD-MM-RR'),to_date('22-06-21','DD-MM-RR'),'inactive',4);
Insert into DK_ANNANUNIV.JOBS (JID,CID,JOBNAME,JOBDESC,EDUCATION,SKILLS,VACANCY,DATEOFOPEN,DATEOFCLOSE,STATUS,EXPERIENCE) values (12,41,'Project Manager','manager','B.E','java,aptitude,c++',5,to_date('31-05-21','DD-MM-RR'),to_date('10-06-21','DD-MM-RR'),'inactive',2);
Insert into DK_ANNANUNIV.JOBS (JID,CID,JOBNAME,JOBDESC,EDUCATION,SKILLS,VACANCY,DATEOFOPEN,DATEOFCLOSE,STATUS,EXPERIENCE) values (15,43,'Project leader','leader','B.E','java,c++,python',4,to_date('31-05-21','DD-MM-RR'),to_date('16-06-21','DD-MM-RR'),'inactive',5);
Insert into DK_ANNANUNIV.JOBS (JID,CID,JOBNAME,JOBDESC,EDUCATION,SKILLS,VACANCY,DATEOFOPEN,DATEOFCLOSE,STATUS,EXPERIENCE) values (18,46,'HR','human resource','B.E','java,aptitude',3,to_date('23-05-21','DD-MM-RR'),to_date('11-06-21','DD-MM-RR'),'inactive',5);
REM INSERTING into DK_ANNANUNIV.USERS
SET DEFINE OFF;
Insert into DK_ANNANUNIV.USERS (ID,FNAME,LNAME,GENDER,AGE,COUNTRY,STATE,CITY,PINCODE,PHONE,UNAME,PASS,EMAILID,EDUCATION,EXPERIENCE,SKILLS,CV_NAME,CV_PATHNAME) values (28,'haripriya','s','F',27,'INDIA','KERALA','KOCHIN',635302,9811064523,'Haripriya123','08103a6fe241e4d95e6d79a794334e71','priya@gmail.com','B.E',4,'java,ml','resume.pdf','res_1622394153.pdf');
Insert into DK_ANNANUNIV.USERS (ID,FNAME,LNAME,GENDER,AGE,COUNTRY,STATE,CITY,PINCODE,PHONE,UNAME,PASS,EMAILID,EDUCATION,EXPERIENCE,SKILLS,CV_NAME,CV_PATHNAME) values (29,'ISHWARYA','SREE','F',27,'INDIA','TAMILNADU','CHENNAI',635301,9811164523,'Ishu123','b2618939a219b53f5e80acd29ac67ab5','ishu@gmail.com','B.E',10,'dsa,c++','resume.pdf','res_1622394231.pdf');
Insert into DK_ANNANUNIV.USERS (ID,FNAME,LNAME,GENDER,AGE,COUNTRY,STATE,CITY,PINCODE,PHONE,UNAME,PASS,EMAILID,EDUCATION,EXPERIENCE,SKILLS,CV_NAME,CV_PATHNAME) values (30,'JANANI','d','F',32,'INDIA','KERALA','KOCHIN',635302,9811264523,'Janani123','9b7666c8087e180916dce7de73b77242','janani@gmail.com','B.E',5,'java,ml,ai','resume.pdf','res_1622394334.pdf');
Insert into DK_ANNANUNIV.USERS (ID,FNAME,LNAME,GENDER,AGE,COUNTRY,STATE,CITY,PINCODE,PHONE,UNAME,PASS,EMAILID,EDUCATION,EXPERIENCE,SKILLS,CV_NAME,CV_PATHNAME) values (31,'KARTHIK','N','M',25,'INDIA','ANDHRA PRADESH','HYDERABAD',635303,9811364523,'Karthik123','1b3f81e780f6d8ba57fcfdf7c2cbd8f8','karthik@gmail.com','B.E',6,'java','resume.pdf','res_1622394405.pdf');
Insert into DK_ANNANUNIV.USERS (ID,FNAME,LNAME,GENDER,AGE,COUNTRY,STATE,CITY,PINCODE,PHONE,UNAME,PASS,EMAILID,EDUCATION,EXPERIENCE,SKILLS,CV_NAME,CV_PATHNAME) values (32,'KARTHICKKEYAN','D','M',26,'INDIA','TAMILNADU','KRISHNAGIRI',635304,9811464523,'KEYAN123','6005a55e104a3ae878d1d95d15865b74',null,null,null,null,null,null);
Insert into DK_ANNANUNIV.USERS (ID,FNAME,LNAME,GENDER,AGE,COUNTRY,STATE,CITY,PINCODE,PHONE,UNAME,PASS,EMAILID,EDUCATION,EXPERIENCE,SKILLS,CV_NAME,CV_PATHNAME) values (34,'KRITHIK','KUMAR','M',25,'INDIA','TAMILNADU','THIRUVANDRUM',635306,9811664523,'KRITHIK123','b66f246fb6f818e24f351e2ba09986ae',null,null,null,null,null,null);
Insert into DK_ANNANUNIV.USERS (ID,FNAME,LNAME,GENDER,AGE,COUNTRY,STATE,CITY,PINCODE,PHONE,UNAME,PASS,EMAILID,EDUCATION,EXPERIENCE,SKILLS,CV_NAME,CV_PATHNAME) values (35,'KEERTHI','N','F',23,'INDIA','TAMILNADU','SALEM',635305,9811764523,'Keerthi123','6f58565aee72f8b38bcfaceeb56c68dd','keerthi@gmail.com','B.E',6,'java','resume.pdf','res_1622394624.pdf');
Insert into DK_ANNANUNIV.USERS (ID,FNAME,LNAME,GENDER,AGE,COUNTRY,STATE,CITY,PINCODE,PHONE,UNAME,PASS,EMAILID,EDUCATION,EXPERIENCE,SKILLS,CV_NAME,CV_PATHNAME) values (37,'LAXMI','KUMAR','M',23,'INDIA','TAMILNADU','OOTY',635308,9811964512,'Laxmikumar123','021449795737ad5bd320230ce067c579','lkumar@gmail.com','B.E',5,'c++','resume.pdf','res_1622394847.pdf');
Insert into DK_ANNANUNIV.USERS (ID,FNAME,LNAME,GENDER,AGE,COUNTRY,STATE,CITY,PINCODE,PHONE,UNAME,PASS,EMAILID,EDUCATION,EXPERIENCE,SKILLS,CV_NAME,CV_PATHNAME) values (1,'Dhinakaran','VS','M',19,'INDIA','TAMIL NADU','ERODE',638115,9952336115,'dhinakaran123','feb856b651c274a4bb8810fd6636229e','dhinakaran.vs@gmail.com','B.E',2,'C,C++','RUSA Curriculum.pdf','res_1620748552.pdf');
Insert into DK_ANNANUNIV.USERS (ID,FNAME,LNAME,GENDER,AGE,COUNTRY,STATE,CITY,PINCODE,PHONE,UNAME,PASS,EMAILID,EDUCATION,EXPERIENCE,SKILLS,CV_NAME,CV_PATHNAME) values (2,'AKASH','KUMAR','M',23,'INDIA','TAMIL NADU','CHENNAI',635301,9876542312,'2019001','e1e0c8f5a01cd113e51ff7930768fd12','akash@gmail.com','B.E',1,'COMPETITIVE PROGRAMMING','RUSA Curriculum.pdf','res_1620887852.pdf');
Insert into DK_ANNANUNIV.USERS (ID,FNAME,LNAME,GENDER,AGE,COUNTRY,STATE,CITY,PINCODE,PHONE,UNAME,PASS,EMAILID,EDUCATION,EXPERIENCE,SKILLS,CV_NAME,CV_PATHNAME) values (12,'ARAVIND','SWAMY','M',28,'INDIA','KERALA','COCHIN',635302,9878064523,'2019002','f6f144c0120d9f8d0fed9c7842d41e4a',null,null,null,null,null,null);
Insert into DK_ANNANUNIV.USERS (ID,FNAME,LNAME,GENDER,AGE,COUNTRY,STATE,CITY,PINCODE,PHONE,UNAME,PASS,EMAILID,EDUCATION,EXPERIENCE,SKILLS,CV_NAME,CV_PATHNAME) values (13,'AATHMIKA','KRISHNAN','F',25,'INDIA','ANDHRAPRADESH','HYDERABAD',635303,9877064523,'2019003','734b513282934b4c1bb0ba10afbd5f92',null,null,null,null,null,null);
Insert into DK_ANNANUNIV.USERS (ID,FNAME,LNAME,GENDER,AGE,COUNTRY,STATE,CITY,PINCODE,PHONE,UNAME,PASS,EMAILID,EDUCATION,EXPERIENCE,SKILLS,CV_NAME,CV_PATHNAME) values (14,'BHARATH','KUMAR','M',34,'INDIA','TAMILNADU','KRISHNAGIRI',635304,9867064523,'2019004','dcbc1e5165b3023332d81eae437eedfb',null,null,null,null,null,null);
Insert into DK_ANNANUNIV.USERS (ID,FNAME,LNAME,GENDER,AGE,COUNTRY,STATE,CITY,PINCODE,PHONE,UNAME,PASS,EMAILID,EDUCATION,EXPERIENCE,SKILLS,CV_NAME,CV_PATHNAME) values (15,'BHAVANI','SHANKAR','F',25,'INDIA','TAMILNADU','CHENNAI',635301,9857064523,'2019005','2b22375ae4b5f90b7107bc21868ebb82',null,null,null,null,null,null);
Insert into DK_ANNANUNIV.USERS (ID,FNAME,LNAME,GENDER,AGE,COUNTRY,STATE,CITY,PINCODE,PHONE,UNAME,PASS,EMAILID,EDUCATION,EXPERIENCE,SKILLS,CV_NAME,CV_PATHNAME) values (16,'BASKAR','KUMAR','M',32,'INDIA','KERALA','THIRUVANDRUM',635306,9847064523,'2019006','8fcf22d91c857ae7d8b0ed4ac966dee9',null,null,null,null,null,null);
Insert into DK_ANNANUNIV.USERS (ID,FNAME,LNAME,GENDER,AGE,COUNTRY,STATE,CITY,PINCODE,PHONE,UNAME,PASS,EMAILID,EDUCATION,EXPERIENCE,SKILLS,CV_NAME,CV_PATHNAME) values (17,'CHANDRU','KRISHNAN','M',23,'INDIA','TAMILNADU','SALEM',635307,9837064523,'2019007','9bb79fb4b99457df3cf51d6c7efc5332',null,null,null,null,null,null);
Insert into DK_ANNANUNIV.USERS (ID,FNAME,LNAME,GENDER,AGE,COUNTRY,STATE,CITY,PINCODE,PHONE,UNAME,PASS,EMAILID,EDUCATION,EXPERIENCE,SKILLS,CV_NAME,CV_PATHNAME) values (18,'CHIRANJIVE','KUMAR','M',40,'INDIA','ANDHRAPRADESH','HYDERABAD',635303,9827064523,'2019008','89fe3c094851578bfc9599e07a61b584',null,null,null,null,null,null);
Insert into DK_ANNANUNIV.USERS (ID,FNAME,LNAME,GENDER,AGE,COUNTRY,STATE,CITY,PINCODE,PHONE,UNAME,PASS,EMAILID,EDUCATION,EXPERIENCE,SKILLS,CV_NAME,CV_PATHNAME) values (19,'DHARSHAN','KUMAR','M',27,'INDIA','TAMILNADU','OOTY',635308,9817064523,'2019009','26aa227f79e8bc56dc621a67e6f840df',null,null,null,null,null,null);
Insert into DK_ANNANUNIV.USERS (ID,FNAME,LNAME,GENDER,AGE,COUNTRY,STATE,CITY,PINCODE,PHONE,UNAME,PASS,EMAILID,EDUCATION,EXPERIENCE,SKILLS,CV_NAME,CV_PATHNAME) values (22,'DAVID','KUMAR','M',34,'INDIA','KARNATAKA','BANGALORE',635309,9819064523,'Davidkumar123','c94da6fb4920219f3fba89d11ea62958','davidkumar@gmail.com','B.E',5,'php,flask,python','resume.pdf','res_1622392759.pdf');
Insert into DK_ANNANUNIV.USERS (ID,FNAME,LNAME,GENDER,AGE,COUNTRY,STATE,CITY,PINCODE,PHONE,UNAME,PASS,EMAILID,EDUCATION,EXPERIENCE,SKILLS,CV_NAME,CV_PATHNAME) values (23,'DAVID','BILLA','M',32,'INDIA','TAMILNADU','CHENNAI',635301,9816064523,'Davidbilla123','242cc202c7d00b5bb0baaa4c73d3c45f','davidbilla@gmail.com','B.E',4,'java,js','resume.pdf','res_1622392702.pdf');
Insert into DK_ANNANUNIV.USERS (ID,FNAME,LNAME,GENDER,AGE,COUNTRY,STATE,CITY,PINCODE,PHONE,UNAME,PASS,EMAILID,EDUCATION,EXPERIENCE,SKILLS,CV_NAME,CV_PATHNAME) values (24,'ESWAR','KUMAR','M',45,'INDIA','KARNATAKA','BANGALORE',635307,9815064523,'Eswarkumar123','0199deb48381eba4488bf67a1ff7844d','eswar@gmail.com','B.E',2,'c++,java','resume.pdf','res_1622392848.pdf');
Insert into DK_ANNANUNIV.USERS (ID,FNAME,LNAME,GENDER,AGE,COUNTRY,STATE,CITY,PINCODE,PHONE,UNAME,PASS,EMAILID,EDUCATION,EXPERIENCE,SKILLS,CV_NAME,CV_PATHNAME) values (26,'HARINI','S','F',23,'INDIA','TAMILNADU','CHENNAI',635301,9812064523,'Harini123','901fddcd40446f1e7486ff798f1b6ad3','harini@gmail.com','B.E',5,'jquery,php,sql','resume.pdf','res_1622393040.pdf');
Insert into DK_ANNANUNIV.USERS (ID,FNAME,LNAME,GENDER,AGE,COUNTRY,STATE,CITY,PINCODE,PHONE,UNAME,PASS,EMAILID,EDUCATION,EXPERIENCE,SKILLS,CV_NAME,CV_PATHNAME) values (27,'GOKULAVANI','K','F',32,'INDIA','MAHARASHTRA','MUMBAI',635311,9813064523,'GOKUL123','8b3309afd3578f41abd7980e28aaa759','gokulavani@gmail.com','B.E',3,'C,JAVA','resume.pdf','res_1622392524.pdf');
Insert into DK_ANNANUNIV.USERS (ID,FNAME,LNAME,GENDER,AGE,COUNTRY,STATE,CITY,PINCODE,PHONE,UNAME,PASS,EMAILID,EDUCATION,EXPERIENCE,SKILLS,CV_NAME,CV_PATHNAME) values (25,'GOVARDHAN','KRISHNAN','M',45,'INDIA','TAMILNADU','COIMBATORE',635310,9814064523,'Govardhan123','b7273215e96988330cb52dbdb5cc2783','gov@gmail.com','B.E',5,'java','resume.pdf','res_1622392916.pdf');
Insert into DK_ANNANUNIV.USERS (ID,FNAME,LNAME,GENDER,AGE,COUNTRY,STATE,CITY,PINCODE,PHONE,UNAME,PASS,EMAILID,EDUCATION,EXPERIENCE,SKILLS,CV_NAME,CV_PATHNAME) values (33,'KAVIYA','S','F',34,'INDIA','TAMILNADU','CHENNAI',635301,9811464523,'Kaviya123','a013ac7062069c072bce69a1a1dd6edc','kaviya@gamil.com','B.E',5,'software testing','resume.pdf','res_1622394551.pdf');
Insert into DK_ANNANUNIV.USERS (ID,FNAME,LNAME,GENDER,AGE,COUNTRY,STATE,CITY,PINCODE,PHONE,UNAME,PASS,EMAILID,EDUCATION,EXPERIENCE,SKILLS,CV_NAME,CV_PATHNAME) values (36,'LAXMI','MENON','F',45,'INDIA','ANDHRA PRADESH','HYDERABAD',635303,9811864523,'Laxmi123','382db0663048a85719c8bd8eb35b37c6','laxmi@gmail.com','B.E',6,'java','resume.pdf','res_1622394778.pdf');
REM INSERTING into DK_ANNANUNIV.APPLIEDJOBS
SET DEFINE OFF;
Insert into DK_ANNANUNIV.APPLIEDJOBS (AID,JID,JOBNAME,CMPNAME,PHONE,APPLIEDON,USERSTATUS,SELECTION_STATUS,VIEWED) values (31,2,'Application developer','WEBCLUES INFOTECH',9150303501,to_date('31-05-21','DD-MM-RR'),1,-1,1);
Insert into DK_ANNANUNIV.APPLIEDJOBS (AID,JID,JOBNAME,CMPNAME,PHONE,APPLIEDON,USERSTATUS,SELECTION_STATUS,VIEWED) values (11,2,'Application developer','WEBCLUES INFOTECH',9150303501,to_date('30-05-21','DD-MM-RR'),-1,0,0);
Insert into DK_ANNANUNIV.APPLIEDJOBS (AID,JID,JOBNAME,CMPNAME,PHONE,APPLIEDON,USERSTATUS,SELECTION_STATUS,VIEWED) values (1,1,'Software developer','Google',9374662211,to_date('14-05-21','DD-MM-RR'),1,-1,1);
REM INSERTING into DK_ANNANUNIV.CMPAPPLIEDJOBS
SET DEFINE OFF;
Insert into DK_ANNANUNIV.CMPAPPLIEDJOBS (AID,JID,ID,JOBNAME,FNAME,EMAILID,EDUCATION,SELECTION_STATUS) values (16,3,28,'Senior Applications Engineer','haripriya','priya@gmail.com','B.E',0);
Insert into DK_ANNANUNIV.CMPAPPLIEDJOBS (AID,JID,ID,JOBNAME,FNAME,EMAILID,EDUCATION,SELECTION_STATUS) values (17,3,29,'Senior Applications Engineer','ISHWARYA','ishu@gmail.com','B.E',0);
Insert into DK_ANNANUNIV.CMPAPPLIEDJOBS (AID,JID,ID,JOBNAME,FNAME,EMAILID,EDUCATION,SELECTION_STATUS) values (18,2,30,'Application developer','JANANI','janani@gmail.com','B.E',0);
Insert into DK_ANNANUNIV.CMPAPPLIEDJOBS (AID,JID,ID,JOBNAME,FNAME,EMAILID,EDUCATION,SELECTION_STATUS) values (21,3,35,'Senior Applications Engineer','KEERTHI','keerthi@gmail.com','B.E',0);
Insert into DK_ANNANUNIV.CMPAPPLIEDJOBS (AID,JID,ID,JOBNAME,FNAME,EMAILID,EDUCATION,SELECTION_STATUS) values (31,2,1,'Application developer','Dhinakaran','dhinakaran.vs@gmail.com','B.E',-1);
Insert into DK_ANNANUNIV.CMPAPPLIEDJOBS (AID,JID,ID,JOBNAME,FNAME,EMAILID,EDUCATION,SELECTION_STATUS) values (13,3,27,'Senior Applications Engineer','GOKULAVANI','gokulavani@gmail.com','B.E',0);
REM INSERTING into DK_ANNANUNIV.CMP_JOB_VIEW
SET DEFINE OFF;
Insert into DK_ANNANUNIV.CMP_JOB_VIEW (JID,CID,JOBNAME,JOBDESC,EDUCATION,SKILLS,VACANCY,DATEOFOPEN,DATEOFCLOSE,STATUS,EXPERIENCE) values (2,11,'Application developer','Create web application','B.E(CSE)','c,c++,python',10,to_date('03-05-21','DD-MM-RR'),to_date('01-06-21','DD-MM-RR'),'inactive',3);
Insert into DK_ANNANUNIV.CMP_JOB_VIEW (JID,CID,JOBNAME,JOBDESC,EDUCATION,SKILLS,VACANCY,DATEOFOPEN,DATEOFCLOSE,STATUS,EXPERIENCE) values (3,11,'Senior Applications Engineer','For supervising','B.E(ECE)','c,c++,python',5,to_date('03-05-21','DD-MM-RR'),to_date('10-06-21','DD-MM-RR'),'inactive',4);
REM INSERTING into DK_ANNANUNIV.USERS_JOB_VIEW
SET DEFINE OFF;
Insert into DK_ANNANUNIV.USERS_JOB_VIEW (JID,CID,CMPNAME,JOBNAME,JOBDESC,EDUCATION,SKILLS,VACANCY,DATEOFCLOSE,EXPERIENCE) values (23,46,'TECHJINI','programmer','PROGRAMMER','B.E','JAVA,C++,C,PYTHON',10,to_date('29-09-21','DD-MM-RR'),2);
--------------------------------------------------------
--  DDL for Index COMPANY_PK
--------------------------------------------------------

  CREATE UNIQUE INDEX "DK_ANNANUNIV"."COMPANY_PK" ON "DK_ANNANUNIV"."COMPANY" ("CID") 
  PCTFREE 10 INITRANS 2 MAXTRANS 255 COMPUTE STATISTICS 
  STORAGE(INITIAL 65536 NEXT 1048576 MINEXTENTS 1 MAXEXTENTS 2147483645
  PCTINCREASE 0 FREELISTS 1 FREELIST GROUPS 1
  BUFFER_POOL DEFAULT FLASH_CACHE DEFAULT CELL_FLASH_CACHE DEFAULT)
  TABLESPACE "USERS" ;
--------------------------------------------------------
--  DDL for Index JOBAPPLY_PK
--------------------------------------------------------

  CREATE UNIQUE INDEX "DK_ANNANUNIV"."JOBAPPLY_PK" ON "DK_ANNANUNIV"."JOBAPPLY" ("AID") 
  PCTFREE 10 INITRANS 2 MAXTRANS 255 COMPUTE STATISTICS 
  STORAGE(INITIAL 65536 NEXT 1048576 MINEXTENTS 1 MAXEXTENTS 2147483645
  PCTINCREASE 0 FREELISTS 1 FREELIST GROUPS 1
  BUFFER_POOL DEFAULT FLASH_CACHE DEFAULT CELL_FLASH_CACHE DEFAULT)
  TABLESPACE "USERS" ;
--------------------------------------------------------
--  DDL for Index JOBS_PK
--------------------------------------------------------

  CREATE UNIQUE INDEX "DK_ANNANUNIV"."JOBS_PK" ON "DK_ANNANUNIV"."JOBS" ("JID") 
  PCTFREE 10 INITRANS 2 MAXTRANS 255 COMPUTE STATISTICS 
  STORAGE(INITIAL 65536 NEXT 1048576 MINEXTENTS 1 MAXEXTENTS 2147483645
  PCTINCREASE 0 FREELISTS 1 FREELIST GROUPS 1
  BUFFER_POOL DEFAULT FLASH_CACHE DEFAULT CELL_FLASH_CACHE DEFAULT)
  TABLESPACE "USERS" ;
--------------------------------------------------------
--  DDL for Index USERS_PK
--------------------------------------------------------

  CREATE UNIQUE INDEX "DK_ANNANUNIV"."USERS_PK" ON "DK_ANNANUNIV"."USERS" ("ID") 
  PCTFREE 10 INITRANS 2 MAXTRANS 255 COMPUTE STATISTICS 
  STORAGE(INITIAL 65536 NEXT 1048576 MINEXTENTS 1 MAXEXTENTS 2147483645
  PCTINCREASE 0 FREELISTS 1 FREELIST GROUPS 1
  BUFFER_POOL DEFAULT FLASH_CACHE DEFAULT CELL_FLASH_CACHE DEFAULT)
  TABLESPACE "USERS" ;
--------------------------------------------------------
--  DDL for Index COMPANY_PK
--------------------------------------------------------

  CREATE UNIQUE INDEX "DK_ANNANUNIV"."COMPANY_PK" ON "DK_ANNANUNIV"."COMPANY" ("CID") 
  PCTFREE 10 INITRANS 2 MAXTRANS 255 COMPUTE STATISTICS 
  STORAGE(INITIAL 65536 NEXT 1048576 MINEXTENTS 1 MAXEXTENTS 2147483645
  PCTINCREASE 0 FREELISTS 1 FREELIST GROUPS 1
  BUFFER_POOL DEFAULT FLASH_CACHE DEFAULT CELL_FLASH_CACHE DEFAULT)
  TABLESPACE "USERS" ;
--------------------------------------------------------
--  DDL for Index JOBAPPLY_PK
--------------------------------------------------------

  CREATE UNIQUE INDEX "DK_ANNANUNIV"."JOBAPPLY_PK" ON "DK_ANNANUNIV"."JOBAPPLY" ("AID") 
  PCTFREE 10 INITRANS 2 MAXTRANS 255 COMPUTE STATISTICS 
  STORAGE(INITIAL 65536 NEXT 1048576 MINEXTENTS 1 MAXEXTENTS 2147483645
  PCTINCREASE 0 FREELISTS 1 FREELIST GROUPS 1
  BUFFER_POOL DEFAULT FLASH_CACHE DEFAULT CELL_FLASH_CACHE DEFAULT)
  TABLESPACE "USERS" ;
--------------------------------------------------------
--  DDL for Index JOBS_PK
--------------------------------------------------------

  CREATE UNIQUE INDEX "DK_ANNANUNIV"."JOBS_PK" ON "DK_ANNANUNIV"."JOBS" ("JID") 
  PCTFREE 10 INITRANS 2 MAXTRANS 255 COMPUTE STATISTICS 
  STORAGE(INITIAL 65536 NEXT 1048576 MINEXTENTS 1 MAXEXTENTS 2147483645
  PCTINCREASE 0 FREELISTS 1 FREELIST GROUPS 1
  BUFFER_POOL DEFAULT FLASH_CACHE DEFAULT CELL_FLASH_CACHE DEFAULT)
  TABLESPACE "USERS" ;
--------------------------------------------------------
--  DDL for Index USERS_PK
--------------------------------------------------------

  CREATE UNIQUE INDEX "DK_ANNANUNIV"."USERS_PK" ON "DK_ANNANUNIV"."USERS" ("ID") 
  PCTFREE 10 INITRANS 2 MAXTRANS 255 COMPUTE STATISTICS 
  STORAGE(INITIAL 65536 NEXT 1048576 MINEXTENTS 1 MAXEXTENTS 2147483645
  PCTINCREASE 0 FREELISTS 1 FREELIST GROUPS 1
  BUFFER_POOL DEFAULT FLASH_CACHE DEFAULT CELL_FLASH_CACHE DEFAULT)
  TABLESPACE "USERS" ;
--------------------------------------------------------
--  DDL for Procedure CMP_APPLIED_JOBS
--------------------------------------------------------
set define off;

  CREATE OR REPLACE EDITIONABLE PROCEDURE "DK_ANNANUNIV"."CMP_APPLIED_JOBS" (cid IN Number) AS 
BEGIN
   EXECUTE IMMEDIATE 'CREATE OR REPLACE VIEW cmpappliedJobs AS
  SELECT a.aid,a.jid,u.id,(SELECT j.jobname FROM jobs j WHERE j.jid = a.jid) AS jobname,u.fname,u.emailid,u.education,a.selection_status
  FROM jobApply a INNER JOIN users u ON a.id = u.id WHERE (SELECT j.cid FROM jobs j WHERE j.jid = a.jid) = '''||cid||'''
  AND a.userstatus = 1';
END CMP_APPLIED_JOBS;

/
--------------------------------------------------------
--  DDL for Procedure COMPANY_JOB_VIEW
--------------------------------------------------------
set define off;

  CREATE OR REPLACE EDITIONABLE PROCEDURE "DK_ANNANUNIV"."COMPANY_JOB_VIEW" (cmpid IN company.cid%TYPE) AS
BEGIN
  EXECUTE IMMEDIATE 'CREATE OR REPLACE VIEW cmp_job_view AS
  SELECT * FROM jobs WHERE cid = '''|| cmpid ||'''';
END;

/
--------------------------------------------------------
--  DDL for Procedure GETAPPLIEDJOBS
--------------------------------------------------------
set define off;

  CREATE OR REPLACE EDITIONABLE PROCEDURE "DK_ANNANUNIV"."GETAPPLIEDJOBS" (id IN Number) AS
BEGIN
  EXECUTE IMMEDIATE 'CREATE OR REPLACE VIEW appliedJobs AS
  SELECT a.aid,a.jid,j.jobname,(SELECT c.cmpname FROM company c WHERE j.cid = c.cid) AS cmpname,
  (SELECT c.phone FROM company c WHERE j.cid = c.cid) AS phone,
  a.appliedon,a.userstatus,a.selection_status,a.viewed
  FROM jobApply a INNER JOIN jobs j ON a.jid = j.jid WHERE a.id = '''|| id ||''' ORDER BY a.appliedon DESC';
END GETAPPLIEDJOBS;

/
--------------------------------------------------------
--  DDL for Procedure INSERT_JOB
--------------------------------------------------------
set define off;

  CREATE OR REPLACE EDITIONABLE PROCEDURE "DK_ANNANUNIV"."INSERT_JOB" (c_id IN jobs.cid%TYPE,jname IN jobs.jobname%TYPE,jdesc IN jobs.jobdesc%TYPE,jeducation IN jobs.education%TYPE,
jskills IN jobs.skills%TYPE,jvacancy IN jobs.vacancy%TYPE,dopen IN jobs.dateofopen%TYPE,dclose IN jobs.dateofclose%TYPE,
jstatus IN jobs.status%TYPE,jexp IN jobs.experience%TYPE,res OUT VARCHAR2)
AS
BEGIN
    IF dopen >= dclose THEN
        res := 'Date of open should not be greater than date of close';
    ELSIF SYSDATE < dopen AND jstatus = 'active' THEN
        res := 'Status[active] is invalid(Date of open is far from today)';
    ELSIF SYSDATE > dclose AND jstatus = 'active' THEN
        res := 'Status[active] is invalid(Date of close is past)';
    ELSIF SYSDATE >= dopen AND SYSDATE <= dclose AND jstatus = 'inactive' THEN
        res := 'Status[inactive] is invalid(Current date is between open and close date) Choose "Active" or "Disable"';
    ELSE
        INSERT INTO jobs VALUES(job_seq.nextval,c_id,jname,jdesc,jeducation,jskills,jvacancy,dopen,dclose,jstatus,jexp);
        res := 'Success';
    END IF;
END;

/
--------------------------------------------------------
--  DDL for Procedure LOGIN_CHECK
--------------------------------------------------------
set define off;

  CREATE OR REPLACE EDITIONABLE PROCEDURE "DK_ANNANUNIV"."LOGIN_CHECK" (username IN VARCHAR2,password IN VARCHAR2,typeof IN VARCHAR2,result OUT VARCHAR2,id OUT Number)
AS
name VARCHAR2(20);
passwd VARCHAR2(100);
BEGIN
    IF typeof = 'employee' THEN
        SELECT id,pass INTO id,passwd FROM users WHERE uname = username;
    ELSIF typeof = 'company' THEN
        SELECT cid,pass INTO id,passwd FROM company WHERE uname = username;
    END IF;
IF passwd != password THEN
result := 'Invalid Password';
ELSE
result := 'True';
END IF;
EXCEPTION
WHEN no_data_found THEN
result := 'Invalid Username';
END;

/
--------------------------------------------------------
--  DDL for Procedure UPDATE_JOB
--------------------------------------------------------
set define off;

  CREATE OR REPLACE EDITIONABLE PROCEDURE "DK_ANNANUNIV"."UPDATE_JOB" 
(j_id IN jobs.jid%TYPE,jname IN jobs.jobname%TYPE,jdesc IN jobs.jobdesc%TYPE,jeducation IN jobs.education%TYPE,
jskills IN jobs.skills%TYPE,jvacancy IN jobs.vacancy%TYPE,dopen IN jobs.dateofopen%TYPE,dclose IN jobs.dateofclose%TYPE,
jstatus IN jobs.status%TYPE,jexp IN jobs.experience%TYPE,res OUT VARCHAR2)
AS
BEGIN
    IF dopen >= dclose THEN
        res := 'Date of open should not be greater than date of close';
    ELSIF SYSDATE < dopen AND jstatus = 'active' THEN
        res := 'Status[active] is invalid(Date of open is far from today)';
    ELSIF SYSDATE > dclose AND jstatus = 'active' THEN
        res := 'Status[active] is invalid(Date of close is past)';
    ELSIF SYSDATE >= dopen AND SYSDATE <= dclose AND jstatus = 'inactive' THEN
        res := 'Status[inactive] is invalid(Current date is between open and close date) Choose "Active" or "Disable"';
    ELSE
        UPDATE jobs SET jobname = jname,jobdesc = jdesc,education = jeducation,skills = jskills,vacancy = jvacancy,
        dateofopen = dopen,dateofclose = dclose,status = jstatus, experience = jexp WHERE jid = j_id;
        res := 'Success';
    END IF;
END;

/
--------------------------------------------------------
--  DDL for Procedure UPDATE_JOB_STATUS
--------------------------------------------------------
set define off;

  CREATE OR REPLACE EDITIONABLE PROCEDURE "DK_ANNANUNIV"."UPDATE_JOB_STATUS" AS
BEGIN
    FOR i IN (SELECT * FROM jobs)
    LOOP
        IF SYSDATE >= i.dateofopen AND SYSDATE <= i.dateofclose AND i.status = 'inactive' THEN
            UPDATE jobs SET status = 'active' WHERE jid = i.jid;
        ELSIF SYSDATE > i.dateofclose AND i.status = 'active' THEN
            UPDATE jobs SET status = 'inactive' WHERE jid = i.jid;
        END IF;
    END LOOP;
    COMMIT;
END;

/
--------------------------------------------------------
--  DDL for Procedure USER_JOB_VIEW
--------------------------------------------------------
set define off;

  CREATE OR REPLACE EDITIONABLE PROCEDURE "DK_ANNANUNIV"."USER_JOB_VIEW" (uid IN Number) AS 
BEGIN
    EXECUTE IMMEDIATE 'CREATE OR REPLACE VIEW users_job_view AS
    SELECT j.jid,j.cid,c.cmpname,j.jobname,j.jobdesc,j.education,j.skills,j.vacancy,j.dateofclose,j.experience
    FROM jobs j INNER JOIN company c ON j.cid = c.cid WHERE j.status = ''active'' AND
    j.jid NOT IN (SELECT jid FROM jobApply WHERE id = '''||uid||''' AND userstatus = 1)';
END USER_JOB_VIEW;

/
--------------------------------------------------------
--  Constraints for Table COMPANY
--------------------------------------------------------

  ALTER TABLE "DK_ANNANUNIV"."COMPANY" ADD CONSTRAINT "COMPANY_PK" PRIMARY KEY ("CID")
  USING INDEX PCTFREE 10 INITRANS 2 MAXTRANS 255 COMPUTE STATISTICS 
  STORAGE(INITIAL 65536 NEXT 1048576 MINEXTENTS 1 MAXEXTENTS 2147483645
  PCTINCREASE 0 FREELISTS 1 FREELIST GROUPS 1
  BUFFER_POOL DEFAULT FLASH_CACHE DEFAULT CELL_FLASH_CACHE DEFAULT)
  TABLESPACE "USERS"  ENABLE;
  ALTER TABLE "DK_ANNANUNIV"."COMPANY" MODIFY ("CID" NOT NULL ENABLE);
--------------------------------------------------------
--  Constraints for Table JOBAPPLY
--------------------------------------------------------

  ALTER TABLE "DK_ANNANUNIV"."JOBAPPLY" ADD CONSTRAINT "JOBAPPLY_PK" PRIMARY KEY ("AID")
  USING INDEX PCTFREE 10 INITRANS 2 MAXTRANS 255 COMPUTE STATISTICS 
  STORAGE(INITIAL 65536 NEXT 1048576 MINEXTENTS 1 MAXEXTENTS 2147483645
  PCTINCREASE 0 FREELISTS 1 FREELIST GROUPS 1
  BUFFER_POOL DEFAULT FLASH_CACHE DEFAULT CELL_FLASH_CACHE DEFAULT)
  TABLESPACE "USERS"  ENABLE;
  ALTER TABLE "DK_ANNANUNIV"."JOBAPPLY" MODIFY ("AID" NOT NULL ENABLE);
--------------------------------------------------------
--  Constraints for Table JOBS
--------------------------------------------------------

  ALTER TABLE "DK_ANNANUNIV"."JOBS" ADD CONSTRAINT "JOBS_PK" PRIMARY KEY ("JID")
  USING INDEX PCTFREE 10 INITRANS 2 MAXTRANS 255 COMPUTE STATISTICS 
  STORAGE(INITIAL 65536 NEXT 1048576 MINEXTENTS 1 MAXEXTENTS 2147483645
  PCTINCREASE 0 FREELISTS 1 FREELIST GROUPS 1
  BUFFER_POOL DEFAULT FLASH_CACHE DEFAULT CELL_FLASH_CACHE DEFAULT)
  TABLESPACE "USERS"  ENABLE;
  ALTER TABLE "DK_ANNANUNIV"."JOBS" MODIFY ("JID" NOT NULL ENABLE);
--------------------------------------------------------
--  Constraints for Table USERS
--------------------------------------------------------

  ALTER TABLE "DK_ANNANUNIV"."USERS" ADD CONSTRAINT "GENDER_CHK" CHECK (gender IN ('M','F','O')) ENABLE;
  ALTER TABLE "DK_ANNANUNIV"."USERS" ADD CONSTRAINT "USERS_PK" PRIMARY KEY ("ID")
  USING INDEX PCTFREE 10 INITRANS 2 MAXTRANS 255 COMPUTE STATISTICS 
  STORAGE(INITIAL 65536 NEXT 1048576 MINEXTENTS 1 MAXEXTENTS 2147483645
  PCTINCREASE 0 FREELISTS 1 FREELIST GROUPS 1
  BUFFER_POOL DEFAULT FLASH_CACHE DEFAULT CELL_FLASH_CACHE DEFAULT)
  TABLESPACE "USERS"  ENABLE;
  ALTER TABLE "DK_ANNANUNIV"."USERS" MODIFY ("ID" NOT NULL ENABLE);
--------------------------------------------------------
--  Ref Constraints for Table JOBAPPLY
--------------------------------------------------------

  ALTER TABLE "DK_ANNANUNIV"."JOBAPPLY" ADD CONSTRAINT "JOB_FK" FOREIGN KEY ("JID")
	  REFERENCES "DK_ANNANUNIV"."JOBS" ("JID") ENABLE;
  ALTER TABLE "DK_ANNANUNIV"."JOBAPPLY" ADD CONSTRAINT "USERS_FK" FOREIGN KEY ("ID")
	  REFERENCES "DK_ANNANUNIV"."USERS" ("ID") ENABLE;
--------------------------------------------------------
--  Ref Constraints for Table JOBS
--------------------------------------------------------

  ALTER TABLE "DK_ANNANUNIV"."JOBS" ADD CONSTRAINT "CMP_FK" FOREIGN KEY ("CID")
	  REFERENCES "DK_ANNANUNIV"."COMPANY" ("CID") ENABLE;
